{"fonts/Kanit-ExtraLight.ttf":["fonts/Kanit-ExtraLight.ttf"],"fonts/Sriracha-Regular.ttf":["fonts/Sriracha-Regular.ttf"],"fonts/ethnocentric_bd.otf":["fonts/ethnocentric_bd.otf"],"lib/img/%E0%B8%81%E0%B8%B1%E0%B8%99%E0%B8%A5%E0%B8%B7%E0%B9%88%E0%B8%99.png":["lib/img/%E0%B8%81%E0%B8%B1%E0%B8%99%E0%B8%A5%E0%B8%B7%E0%B9%88%E0%B8%99.png"],"lib/img/%E0%B8%84%E0%B8%B1%E0%B8%99%E0%B9%80%E0%B8%A3%E0%B9%88%E0%B8%87%E0%B8%AD%E0%B8%B1%E0%B8%95%E0%B9%82%E0%B8%99%E0%B8%A1%E0%B8%B1%E0%B8%95%E0%B8%B4.png":["lib/img/%E0%B8%84%E0%B8%B1%E0%B8%99%E0%B9%80%E0%B8%A3%E0%B9%88%E0%B8%87%E0%B8%AD%E0%B8%B1%E0%B8%95%E0%B9%82%E0%B8%99%E0%B8%A1%E0%B8%B1%E0%B8%95%E0%B8%B4.png"],"lib/img/%E0%B8%9B%E0%B8%A3%E0%B8%B0%E0%B8%AB%E0%B8%A2%E0%B8%B1%E0%B8%94%E0%B8%99%E0%B9%89%E0%B8%B3%E0%B8%A1%E0%B8%B1%E0%B8%99.png":["lib/img/%E0%B8%9B%E0%B8%A3%E0%B8%B0%E0%B8%AB%E0%B8%A2%E0%B8%B1%E0%B8%94%E0%B8%99%E0%B9%89%E0%B8%B3%E0%B8%A1%E0%B8%B1%E0%B8%99.png"],"lib/img/%E0%B8%9B%E0%B8%A3%E0%B8%B1%E0%B8%9A%E0%B9%81%E0%B8%95%E0%B9%88%E0%B8%87%E0%B8%84%E0%B8%B1%E0%B8%99%E0%B9%80%E0%B8%A3%E0%B9%88%E0%B8%87.png":["lib/img/%E0%B8%9B%E0%B8%A3%E0%B8%B1%E0%B8%9A%E0%B9%81%E0%B8%95%E0%B9%88%E0%B8%87%E0%B8%84%E0%B8%B1%E0%B8%99%E0%B9%80%E0%B8%A3%E0%B9%88%E0%B8%87.png"],"lib/img/%E0%B8%9B%E0%B8%B4%E0%B8%94%E0%B8%84%E0%B8%A7%E0%B8%B1%E0%B8%99%E0%B8%94%E0%B8%B3.png":["lib/img/%E0%B8%9B%E0%B8%B4%E0%B8%94%E0%B8%84%E0%B8%A7%E0%B8%B1%E0%B8%99%E0%B8%94%E0%B8%B3.png"],"lib/img/%E0%B8%A5%E0%B9%87%E0%B8%AD%E0%B8%81%E0%B8%81%E0%B8%B1%E0%B8%99%E0%B8%82%E0%B9%82%E0%B8%A1%E0%B8%A2.psd.png":["lib/img/%E0%B8%A5%E0%B9%87%E0%B8%AD%E0%B8%81%E0%B8%81%E0%B8%B1%E0%B8%99%E0%B8%82%E0%B9%82%E0%B8%A1%E0%B8%A2.psd.png"],"lib/img/%E0%B9%80%E0%B8%94%E0%B8%B4%E0%B8%99%E0%B8%AB%E0%B8%AD%E0%B8%9A.png":["lib/img/%E0%B9%80%E0%B8%94%E0%B8%B4%E0%B8%99%E0%B8%AB%E0%B8%AD%E0%B8%9A.png"],"lib/img/%E0%B9%80%E0%B8%A3%E0%B8%B4%E0%B9%88%E0%B8%A1%E0%B8%95%E0%B9%89%E0%B8%99%E0%B8%82%E0%B8%B1%E0%B8%9A%E0%B8%82%E0%B8%B5%E0%B9%88.psd.png":["lib/img/%E0%B9%80%E0%B8%A3%E0%B8%B4%E0%B9%88%E0%B8%A1%E0%B8%95%E0%B9%89%E0%B8%99%E0%B8%82%E0%B8%B1%E0%B8%9A%E0%B8%82%E0%B8%B5%E0%B9%88.psd.png"],"lib/img/AI%20mode.png":["lib/img/AI%20mode.png"],"lib/img/BG.png":["lib/img/BG.png"],"lib/img/icon1.2.png":["lib/img/icon1.2.png"],"lib/img/icon1.png":["lib/img/icon1.png"],"lib/img/icon10.1.png":["lib/img/icon10.1.png"],"lib/img/icon10.png":["lib/img/icon10.png"],"lib/img/icon2.1.png":["lib/img/icon2.1.png"],"lib/img/icon2.png":["lib/img/icon2.png"],"lib/img/icon3.1.png":["lib/img/icon3.1.png"],"lib/img/icon3.png":["lib/img/icon3.png"],"lib/img/icon4.1.png":["lib/img/icon4.1.png"],"lib/img/icon4.png":["lib/img/icon4.png"],"lib/img/icon5.1.png":["lib/img/icon5.1.png"],"lib/img/icon5.png":["lib/img/icon5.png"],"lib/img/icon6.1.png":["lib/img/icon6.1.png"],"lib/img/icon6.png":["lib/img/icon6.png"],"lib/img/icon7.1.png":["lib/img/icon7.1.png"],"lib/img/icon7.png":["lib/img/icon7.png"],"lib/img/icon8.1.png":["lib/img/icon8.1.png"],"lib/img/icon8.png":["lib/img/icon8.png"],"lib/img/icon9.1.png":["lib/img/icon9.1.png"],"lib/img/icon9.png":["lib/img/icon9.png"],"lib/img/logo.png":["lib/img/logo.png"],"lib/img/resetpage.jpeg":["lib/img/resetpage.jpeg"],"lib/item/%E0%B8%81%E0%B8%B1%E0%B8%99%E0%B8%A5%E0%B8%B7%E0%B9%88%E0%B8%99.png":["lib/item/%E0%B8%81%E0%B8%B1%E0%B8%99%E0%B8%A5%E0%B8%B7%E0%B9%88%E0%B8%99.png"],"lib/item/COMFORT.png":["lib/item/COMFORT.png"],"lib/item/COMFORT1.png":["lib/item/COMFORT1.png"],"lib/item/COMFORT2.png":["lib/item/COMFORT2.png"],"lib/item/ECO.png":["lib/item/ECO.png"],"lib/item/ECO1.png":["lib/item/ECO1.png"],"lib/item/ECO2.png":["lib/item/ECO2.png"],"lib/item/SPORT+.png":["lib/item/SPORT+.png"],"lib/item/SPORT+1.png":["lib/item/SPORT+1.png"],"lib/item/SPORT+2.png":["lib/item/SPORT+2.png"],"lib/item/SPORT.png":["lib/item/SPORT.png"],"lib/item/SPORT1.png":["lib/item/SPORT1.png"],"lib/item/SPORT2.png":["lib/item/SPORT2.png"],"lib/item/ai.png":["lib/item/ai.png"],"lib/item/clock.png":["lib/item/clock.png"],"lib/item/eco%20drive.png":["lib/item/eco%20drive.png"],"lib/item/max.png":["lib/item/max.png"],"lib/item/minus.png":["lib/item/minus.png"],"lib/item/plus.png":["lib/item/plus.png"],"lib/item/reset.png":["lib/item/reset.png"],"lib/item/sace.png":["lib/item/sace.png"],"lib/item/signal.png":["lib/item/signal.png"],"lib/item/slide.png":["lib/item/slide.png"],"lib/item/sound.png":["lib/item/sound.png"],"lib/itemol/%E0%B8%81%E0%B8%B1%E0%B8%99%E0%B8%A5%E0%B8%B7%E0%B9%88%E0%B8%99.png":["lib/itemol/%E0%B8%81%E0%B8%B1%E0%B8%99%E0%B8%A5%E0%B8%B7%E0%B9%88%E0%B8%99.png"],"lib/itemol/%E0%B8%82%E0%B8%B1%E0%B8%9A%E0%B8%82%E0%B8%B5%E0%B9%88%E0%B9%80%E0%B8%A3%E0%B8%B4%E0%B9%88%E0%B8%A1%E0%B8%95%E0%B9%89%E0%B8%99.png":["lib/itemol/%E0%B8%82%E0%B8%B1%E0%B8%9A%E0%B8%82%E0%B8%B5%E0%B9%88%E0%B9%80%E0%B8%A3%E0%B8%B4%E0%B9%88%E0%B8%A1%E0%B8%95%E0%B9%89%E0%B8%99.png"],"lib/itemol/%E0%B8%84%E0%B8%B1%E0%B8%99%E0%B9%80%E0%B8%A3%E0%B9%88%E0%B8%87%E0%B8%AD%E0%B8%B1%E0%B8%95%E0%B9%82%E0%B8%99%E0%B8%A1%E0%B8%B1%E0%B8%95%E0%B8%B4.png":["lib/itemol/%E0%B8%84%E0%B8%B1%E0%B8%99%E0%B9%80%E0%B8%A3%E0%B9%88%E0%B8%87%E0%B8%AD%E0%B8%B1%E0%B8%95%E0%B9%82%E0%B8%99%E0%B8%A1%E0%B8%B1%E0%B8%95%E0%B8%B4.png"],"lib/itemol/%E0%B8%88%E0%B8%B9%E0%B8%99%E0%B8%81%E0%B8%A3%E0%B8%B2%E0%B8%9F.png":["lib/itemol/%E0%B8%88%E0%B8%B9%E0%B8%99%E0%B8%81%E0%B8%A3%E0%B8%B2%E0%B8%9F.png"],"lib/itemol/%E0%B8%9B%E0%B8%A3%E0%B8%B0%E0%B8%AB%E0%B8%A2%E0%B8%B1%E0%B8%94%E0%B8%99%E0%B9%89%E0%B8%B3%E0%B8%A1%E0%B8%B1%E0%B8%99.png":["lib/itemol/%E0%B8%9B%E0%B8%A3%E0%B8%B0%E0%B8%AB%E0%B8%A2%E0%B8%B1%E0%B8%94%E0%B8%99%E0%B9%89%E0%B8%B3%E0%B8%A1%E0%B8%B1%E0%B8%99.png"],"lib/itemol/%E0%B8%9B%E0%B8%A3%E0%B8%B1%E0%B8%9A%E0%B9%81%E0%B8%95%E0%B9%88%E0%B8%87%E0%B8%84%E0%B8%B1%E0%B8%99%E0%B9%80%E0%B8%A3%E0%B9%88%E0%B8%87.png":["lib/itemol/%E0%B8%9B%E0%B8%A3%E0%B8%B1%E0%B8%9A%E0%B9%81%E0%B8%95%E0%B9%88%E0%B8%87%E0%B8%84%E0%B8%B1%E0%B8%99%E0%B9%80%E0%B8%A3%E0%B9%88%E0%B8%87.png"],"lib/itemol/%E0%B8%9B%E0%B8%B4%E0%B8%94%E0%B8%84%E0%B8%A7%E0%B8%B1%E0%B8%99%E0%B8%94%E0%B8%B3.png":["lib/itemol/%E0%B8%9B%E0%B8%B4%E0%B8%94%E0%B8%84%E0%B8%A7%E0%B8%B1%E0%B8%99%E0%B8%94%E0%B8%B3.png"],"lib/itemol/%E0%B8%A5%E0%B9%87%E0%B8%AD%E0%B8%81%E0%B8%81%E0%B8%B1%E0%B8%99%E0%B8%82%E0%B9%82%E0%B8%A1%E0%B8%A2.png":["lib/itemol/%E0%B8%A5%E0%B9%87%E0%B8%AD%E0%B8%81%E0%B8%81%E0%B8%B1%E0%B8%99%E0%B8%82%E0%B9%82%E0%B8%A1%E0%B8%A2.png"],"lib/itemol/%E0%B9%80%E0%B8%94%E0%B8%B4%E0%B8%99%E0%B8%AB%E0%B8%AD%E0%B8%9A.png":["lib/itemol/%E0%B9%80%E0%B8%94%E0%B8%B4%E0%B8%99%E0%B8%AB%E0%B8%AD%E0%B8%9A.png"],"lib/itemol/Ai%20mode.png":["lib/itemol/Ai%20mode.png"],"lib/itemol/Ai%20mode2.png":["lib/itemol/Ai%20mode2.png"],"lib/itemol/BGJPG.jpg":["lib/itemol/BGJPG.jpg"],"lib/itemol/splash.png":["lib/itemol/splash.png"],"logo/logoz.png":["logo/logoz.png"],"logo/user.jpg":["logo/user.jpg"],"packages/cupertino_icons/assets/CupertinoIcons.ttf":["packages/cupertino_icons/assets/CupertinoIcons.ttf"]}